{
  "type": "minecraft:crafting_shaped",
  "pattern": [
    "012",
    "345",
    "678"
  ],
  "key": {
    "0": {
      "item": "minecraft:diamond"
    },
    "1": {
      "item": "ancienttechnology:hanordix_ingot"
    },
    "2": {
      "item": "minecraft:diamond"
    },
    "3": {
      "item": "minecraft:netherite_scrap"
    },
    "4": {
      "item": "minecraft:amethyst_shard"
    },
    "5": {
      "item": "minecraft:netherite_scrap"
    },
    "6": {
      "item": "minecraft:diamond"
    },
    "7": {
      "item": "ancienttechnology:hanordix_ingot"
    },
    "8": {
      "item": "minecraft:diamond"
    }
  },
  "result": {
    "item": "ancienttechnology:quantum_infuser",
    "count": 1
  }
}