{
  "type": "minecraft:crafting_shaped",
  "pattern": [
    "012",
    "345",
    "678"
  ],
  "key": {
    "0": {
      "item": "minecraft:gold_block"
    },
    "1": {
      "item": "minecraft:phantom_membrane"
    },
    "2": {
      "item": "minecraft:raw_gold_block"
    },
    "3": {
      "item": "minecraft:amethyst_shard"
    },
    "4": {
      "item": "ancienttechnology:titan_mail_ingot"
    },
    "5": {
      "item": "minecraft:amethyst_shard"
    },
    "6": {
      "item": "minecraft:raw_gold_block"
    },
    "7": {
      "item": "minecraft:phantom_membrane"
    },
    "8": {
      "item": "minecraft:gold_block"
    }
  },
  "result": {
    "item": "minecraft:totem_of_undying",
    "count": 1
  }
}