{
  "type": "minecraft:crafting_shaped",
  "pattern": [
    "012",
    "345",
    "6 8"
  ],
  "key": {
    "0": {
      "item": "minecraft:quartz"
    },
    "1": {
      "item": "minecraft:diamond_block"
    },
    "2": {
      "item": "minecraft:quartz"
    },
    "3": {
      "item": "minecraft:phantom_membrane"
    },
    "4": {
      "item": "ancienttechnology:titan_mail_ingot"
    },
    "5": {
      "item": "minecraft:phantom_membrane"
    },
    "6": {
      "item": "minecraft:netherite_ingot"
    },
    "8": {
      "item": "minecraft:netherite_ingot"
    }
  },
  "result": {
    "item": "minecraft:elytra",
    "count": 1
  }
}