{
  "type": "minecraft:crafting_shaped",
  "pattern": [
    "012",
    "345",
    "678"
  ],
  "key": {
    "0": {
      "item": "minecraft:heart_of_the_sea"
    },
    "1": {
      "item": "minecraft:respawn_anchor"
    },
    "2": {
      "item": "minecraft:shulker_shell"
    },
    "3": {
      "item": "minecraft:netherite_block"
    },
    "4": {
      "item": "ancienttechnology:titan_mail_ingot"
    },
    "5": {
      "item": "minecraft:netherite_block"
    },
    "6": {
      "item": "minecraft:shulker_shell"
    },
    "7": {
      "item": "minecraft:respawn_anchor"
    },
    "8": {
      "item": "minecraft:heart_of_the_sea"
    }
  },
  "result": {
    "item": "minecraft:dragon_egg",
    "count": 1
  }
}