{
  "_fv": 30,
  "_type": "recipe",
  "definition": {
    "recipeType": "Crafting",
    "xpReward": 0.0,
    "cookingTime": 200,
    "recipeRetstackSize": 1,
    "group": "",
    "recipeShapeless": false,
    "recipeSlots": [
      {
        "value": "Blocks.GOLD_BLOCK"
      },
      {
        "value": "Items.PHANTOM_MEMBRANE"
      },
      {
        "value": "Blocks.RAW_GOLD_BLOCK"
      },
      {
        "value": "Items.AMETHYST_SHARD"
      },
      {
        "value": "CUSTOM:TitanMailIngot"
      },
      {
        "value": "Items.AMETHYST_SHARD"
      },
      {
        "value": "Blocks.RAW_GOLD_BLOCK"
      },
      {
        "value": "Items.PHANTOM_MEMBRANE"
      },
      {
        "value": "Blocks.GOLD_BLOCK"
      }
    ],
    "recipeReturnStack": {
      "value": "Items.TOTEM_OF_UNDYING"
    },
    "name": "recipe_totem_of_undying",
    "namespace": "mod"
  }
}