{
  "_fv": 30,
  "_type": "recipe",
  "definition": {
    "recipeType": "Crafting",
    "xpReward": 0.0,
    "cookingTime": 200,
    "recipeRetstackSize": 1,
    "group": "",
    "recipeShapeless": false,
    "recipeSlots": [
      {
        "value": "Blocks.NETHERITE_BLOCK"
      },
      {
        "value": "Blocks.LAPIS_BLOCK"
      },
      {
        "value": "Blocks.NETHERITE_BLOCK"
      },
      {
        "value": "Blocks.DRAGON_EGG"
      },
      {
        "value": "Items.NETHER_STAR"
      },
      {
        "value": "Blocks.DRAGON_EGG"
      },
      {
        "value": "Blocks.NETHERITE_BLOCK"
      },
      {
        "value": "Blocks.LAPIS_BLOCK"
      },
      {
        "value": "Blocks.NETHERITE_BLOCK"
      }
    ],
    "recipeReturnStack": {
      "value": "CUSTOM:QuantumStar"
    },
    "name": "recipe_quantum_star",
    "namespace": "mod"
  }
}