{
  "_fv": 30,
  "_type": "recipe",
  "definition": {
    "recipeType": "Crafting",
    "xpReward": 0.0,
    "cookingTime": 200,
    "recipeRetstackSize": 1,
    "group": "",
    "recipeShapeless": false,
    "recipeSlots": [
      {
        "value": "Items.NETHERITE_INGOT"
      },
      {
        "value": "Blocks.DRAGON_EGG"
      },
      {
        "value": "Items.NETHERITE_INGOT"
      },
      {
        "value": "Blocks.POLISHED_BLACKSTONE"
      },
      {
        "value": "CUSTOM:TitanMailIngot"
      },
      {
        "value": "Blocks.POLISHED_BLACKSTONE"
      },
      {
        "value": "Items.NETHERITE_INGOT"
      },
      {
        "value": "Blocks.DRAGON_EGG"
      },
      {
        "value": "Items.NETHERITE_INGOT"
      }
    ],
    "recipeReturnStack": {
      "value": "Blocks.SKULL#5"
    },
    "name": "recipe_dragon_head",
    "namespace": "mod"
  }
}