{
  "_fv": 30,
  "_type": "recipe",
  "definition": {
    "recipeType": "Crafting",
    "xpReward": 0.0,
    "cookingTime": 200,
    "recipeRetstackSize": 1,
    "group": "",
    "recipeShapeless": false,
    "recipeSlots": [
      {
        "value": "Items.HEART_OF_THE_SEA"
      },
      {
        "value": "Blocks.RESPAWN_ANCHOR"
      },
      {
        "value": "Items.SHULKER_SHELL"
      },
      {
        "value": "Blocks.NETHERITE_BLOCK"
      },
      {
        "value": "CUSTOM:TitanMailIngot"
      },
      {
        "value": "Blocks.NETHERITE_BLOCK"
      },
      {
        "value": "Items.SHULKER_SHELL"
      },
      {
        "value": "Blocks.RESPAWN_ANCHOR"
      },
      {
        "value": "Items.HEART_OF_THE_SEA"
      }
    ],
    "recipeReturnStack": {
      "value": "Blocks.DRAGON_EGG"
    },
    "name": "recipe_dragon_egg",
    "namespace": "mod"
  }
}