{
  "_fv": 30,
  "_type": "recipe",
  "definition": {
    "recipeType": "Crafting",
    "xpReward": 0.0,
    "cookingTime": 200,
    "recipeRetstackSize": 1,
    "group": "",
    "recipeShapeless": false,
    "recipeSlots": [
      {
        "value": "Items.QUARTZ"
      },
      {
        "value": "Blocks.DIAMOND_BLOCK"
      },
      {
        "value": "Items.QUARTZ"
      },
      {
        "value": "Items.PHANTOM_MEMBRANE"
      },
      {
        "value": "CUSTOM:TitanMailIngot"
      },
      {
        "value": "Items.PHANTOM_MEMBRANE"
      },
      {
        "value": "Items.NETHERITE_INGOT"
      },
      {
        "value": ""
      },
      {
        "value": "Items.NETHERITE_INGOT"
      }
    ],
    "recipeReturnStack": {
      "value": "Items.ELYTRA"
    },
    "name": "recipe_elytra",
    "namespace": "mod"
  }
}