{
  "_fv": 30,
  "_type": "recipe",
  "definition": {
    "recipeType": "Crafting",
    "xpReward": 0.0,
    "cookingTime": 200,
    "recipeRetstackSize": 1,
    "group": "",
    "recipeShapeless": false,
    "recipeSlots": [
      {
        "value": "Items.PRISMARINE_CRYSTALS"
      },
      {
        "value": "Items.PRISMARINE_CRYSTALS"
      },
      {
        "value": "Items.PRISMARINE_CRYSTALS"
      },
      {
        "value": "CUSTOM:HanordixIngot"
      },
      {
        "value": "CUSTOM:QuantumInfuser"
      },
      {
        "value": "CUSTOM:QuantumStar"
      },
      {
        "value": "Items.PRISMARINE_CRYSTALS"
      },
      {
        "value": "Items.PRISMARINE_CRYSTALS"
      },
      {
        "value": "Items.PRISMARINE_CRYSTALS"
      }
    ],
    "recipeReturnStack": {
      "value": "CUSTOM:TitanMailIngot"
    },
    "name": "recipe_titan_mail_ingot",
    "namespace": "mod"
  }
}