{
  "_fv": 30,
  "_type": "recipe",
  "definition": {
    "recipeType": "Crafting",
    "xpReward": 0.0,
    "cookingTime": 200,
    "recipeRetstackSize": 1,
    "group": "",
    "recipeShapeless": false,
    "recipeSlots": [
      {
        "value": "Items.DIAMOND"
      },
      {
        "value": "CUSTOM:HanordixIngot"
      },
      {
        "value": "Items.DIAMOND"
      },
      {
        "value": "Items.NETHERITE_SCRAP"
      },
      {
        "value": "Items.AMETHYST_SHARD"
      },
      {
        "value": "Items.NETHERITE_SCRAP"
      },
      {
        "value": "Items.DIAMOND"
      },
      {
        "value": "CUSTOM:HanordixIngot"
      },
      {
        "value": "Items.DIAMOND"
      }
    ],
    "recipeReturnStack": {
      "value": "CUSTOM:QuantumInfuser"
    },
    "name": "recipequantum_infuser",
    "namespace": "mod"
  }
}