{
  "_fv": 30,
  "_type": "item",
  "definition": {
    "renderType": 0,
    "texture": "titanmailingot",
    "customModelName": "Normal",
    "name": "Titan Mail Ingot",
    "rarity": "EPIC",
    "creativeTab": {
      "value": "MISC"
    },
    "stackSize": 1,
    "enchantability": 0,
    "useDuration": 0,
    "toolType": 1.0,
    "damageCount": 0,
    "recipeRemainder": {
      "value": ""
    },
    "destroyAnyBlock": false,
    "immuneToFire": true,
    "stayInGridWhenCrafting": true,
    "damageOnCrafting": false,
    "enableMeleeDamage": false,
    "damageVsEntity": 0.0,
    "specialInfo": [
      "Don't hold it for too much in hand since its cursed by the end dragons",
      "Can be used to make a lot of things",
      "Cannot be consumed"
    ],
    "hasGlow": true,
    "guiBoundTo": "<NONE>",
    "inventorySize": 9,
    "inventoryStackSize": 64,
    "onItemInInventoryTick": {
      "name": "TitanMailIngotItemInInventoryTick"
    },
    "hasDispenseBehavior": false,
    "isFood": false,
    "nutritionalValue": 4,
    "saturation": 0.3,
    "eatResultItem": {
      "value": ""
    },
    "isMeat": false,
    "isAlwaysEdible": false,
    "animation": "eat"
  }
}